Tamanho,Grafo,Menor Tempo(s),Maior Tempo(s),Tempo Médio(s)
10,GrafoGenerator,2.463E-4,0.0039397,6.9262E-4
10,CayleyGraph,3.65E-5,1.852E-4,6.248E-5
100,GrafoGenerator,0.0237702,0.0421293,0.03048771
100,CayleyGraph,1.249E-4,6.223E-4,1.9852E-4
1000,GrafoGenerator,25.6400181,27.7953302,26.43922867
1000,CayleyGraph,2.286E-4,0.0015441,3.6461E-4
2000,GrafoGenerator,9.223372036854776E9,-9.223372036854776E9,0.0
2000,CayleyGraph,9.223372036854776E9,-9.223372036854776E9,0.0
