Tamanho,Grafo,Menor Tempo(s),Maior Tempo(s),Tempo Médio(s)
10,GrafoGenerator,1.299E-4,0.0178359,0.00195677
10,CayleyGraph,3.42E-5,1.136E-4,4.793E-5
100,GrafoGenerator,0.0071442,0.0156686,0.01007031
100,CayleyGraph,1.424E-4,9.027E-4,2.3084E-4
1000,GrafoGenerator,21.289805,24.3417877,23.33367226
1000,CayleyGraph,2.188E-4,0.001483,3.5514E-4
5000,GrafoGenerator,33.0541786,36.656578,34.98630337777778
5000,CayleyGraph,9.223372036854776E9,-9.223372036854776E9,0.0
